firstname,lastname,speciality,age,city,photo,rgpd_consent,created_at
John,Doe,Software Engineer,30,San Francisco,johndoe.jpg,true,2024-03-28T08:00:00
Jane,Smith,Data Scientist,28,New York City,janesmith.jpg,true,2024-03-27T10:15:00
Michael,Johnson,UX Designer,35,Los Angeles,michaeljohnson.jpg,true,2024-03-26T11:30:00
Emily,Brown,Network Engineer,32,Chicago,emilybrown.jpg,true,2024-03-25T09:45:00
David,Williams,Cloud Architect,40,Austin,davidwilliams.jpg,true,2024-03-24T12:00:00
Sarah,Jones,Full Stack Developer,27 ,Boston,sarahjones.jpg,true,2024-03-23T13:15:00
Alex,Miller,Cybersecurity Analyst,29,Seattle,alexmiller.jpg,true,2024-03-22T14:30:00
Jessica,Davis,DevOps Engineer,33,San Diego,jessicadavis.jpg,true,2024-03-21T15:45:00
Christopher,Moore,AI Engineer,31,San Jose,christophermoore.jpg,true,2024-03-20T17:00:00
Amanda,Wilson, Developer,26,Portland,amandawilson.jpg,true,2024-03-19T16:15:00